,,,section-id,section,topic-id,topic,answer,notes,"section-id,section,topic-id,topic,answer,notes",,,topic,topic
,,,1,Chat Technology,1-A,ConvexDB ,yes,-,"1,Chat Technology,1-A,ConvexDB ,yes,-",,,ConvexDB ,ConvexDB 
,,,2,Chat Data Arch.,2-C,C: ConvexDB only,yes,-,"2,Chat Data Arch.,2-C,C: ConvexDB only,yes,-",,,C: ConvexDB only,C: ConvexDB only
,,,3,Chat Scope,3-C,C: Global chat + per-post threads,yes,-,"3,Chat Scope,3-C,C: Global chat + per-post threads,yes,-",,,C: Global chat + per-post threads,C: Global chat + per-post threads
,,,4,Chat Features,4-A,Tagging system,yes,-,"4,Chat Features,4-A,Tagging system,yes,-",,,Tagging system,Tagging system
,,,4,Chat Features,4-B,Message threading,yes,-,"4,Chat Features,4-B,Message threading,yes,-",,,Message threading,Message threading
,,,4,Chat Features,4-C,Rich formatting,no,Next steps,"4,Chat Features,4-C,Rich formatting,no,Next steps",,,Rich formatting,Rich formatting
,,,4,Chat Features,4-D,Search & filtering,no,Next steps,"4,Chat Features,4-D,Search & filtering,no,Next steps",,,Search & filtering,Search & filtering
,,,4,Chat Features,4-E,Export capability,yes,-,"4,Chat Features,4-E,Export capability,yes,-",,,Export capability,Export capability
,,,5,Blog Content Type,5-A,Markdown-based,yes,-,"5,Blog Content Type,5-A,Markdown-based,yes,-",,,Markdown-based,Markdown-based
,,,6,Authentication,6-A,Full auth with Supabase,no,Next steps,"6,Authentication,6-A,Full auth with Supabase,no,Next steps",,,Full auth with Supabase,Full auth with Supabase
,,,6,Authentication,6-B,Email-based auth for MVP,yes,-,"6,Authentication,6-B,Email-based auth for MVP,yes,-",,,Email-based auth for MVP,Email-based auth for MVP
,,,7-A,Initial Scope/must-haves,7-A-1,Post creation/editing,yes,-,"7-A,Initial Scope/must-haves,7-A-1,Post creation/editing,yes,-",,,Post creation/editing,Post creation/editing
,,,7-A,Initial Scope/must-haves,7-A-2,Post listing/viewing,yes,-,"7-A,Initial Scope/must-haves,7-A-2,Post listing/viewing,yes,-",,,Post listing/viewing,Post listing/viewing
,,,7-A,Initial Scope/must-haves,7-A-3, Basic chat functionality,yes,-,"7-A,Initial Scope/must-haves,7-A-3, Basic chat functionality,yes,-",,, Basic chat functionality, Basic chat functionality
,,,7-A,Initial Scope/must-haves,7-A-4, User authentication,yes,-,"7-A,Initial Scope/must-haves,7-A-4, User authentication,yes,-",,, User authentication, User authentication
,,,7-A,Initial Scope/must-haves,7-A-5, Post comments,no,-,"7-A,Initial Scope/must-haves,7-A-5, Post comments,no,-",,, Post comments, Post comments
,,,7-A,Initial Scope/must-haves,7-A-6,Integration chat-posts,yes,-,"7-A,Initial Scope/must-haves,7-A-6,Integration chat-posts,yes,-",,,Integration chat-posts,Integration chat-posts
,,,7-B,Initial Scope/nice-haves,7-B-1,Rich text editor,no,-,"7-B,Initial Scope/nice-haves,7-B-1,Rich text editor,no,-",,,Rich text editor,Rich text editor
,,,7-B,Initial Scope/nice-haves,7-B-2,Advanced search,yes,-,"7-B,Initial Scope/nice-haves,7-B-2,Advanced search,yes,-",,,Advanced search,Advanced search
,,,7-B,Initial Scope/nice-haves,7-B-3,Chat attachments,yes,-,"7-B,Initial Scope/nice-haves,7-B-3,Chat attachments,yes,-",,,Chat attachments,Chat attachments
,,,7-B,Initial Scope/nice-haves,7-B-4,Chat to blog post,yes,-,"7-B,Initial Scope/nice-haves,7-B-4,Chat to blog post,yes,-",,,Chat to blog post,Chat to blog post
,,,7-B,Initial Scope/nice-haves,7-B-5,Email notifications,no,Next steps,"7-B,Initial Scope/nice-haves,7-B-5,Email notifications,no,Next steps",,,Email notifications,Email notifications
,,,7-B,Initial Scope/nice-haves,7-B-6,Profiles and avatars,no,Next steps,"7-B,Initial Scope/nice-haves,7-B-6,Profiles and avatars,no,Next steps",,,Profiles and avatars,Profiles and avatars
,,,,,,,,,,,,,
,,,,,,,,,,,,,